,GSE33630,GSE29265,GSE3467,GSE60541,GSE76039,GSE53157,Overall_Mean,Std
ACTA1,0.27141182803448916,0.2886396220651546,0.2169436841113636,0.30463757351481546,0.29934952571084483,0.25779126302917843,0.27566669968827207,0.22489725576040956
ACTA2,0.2733670377916888,0.19862372029813583,0.29311490286070796,0.3104502392757352,0.24477891697387216,0.28408999447395156,0.2684824322535197,0.21488245130941105
ACTB,0.25705991534162564,0.25950734689464566,0.23564247256937101,0.27556991993780816,0.2392212563400817,0.25374813832070525,0.25491980158162797,0.19633525693050155
ACTG1,0.26187449850821826,0.2715900236311289,0.23052626035652332,0.2617371166668135,0.26062581836357457,0.2663397479823574,0.2601472454119544,0.20204719118895598
ACTG2,0.2621316058878763,0.267018790652889,0.27948292881208436,0.3288906359607994,0.23558093857376608,0.2431170792260606,0.2691675528996194,0.21315133019955712
AKT1,0.2478411181432915,0.2978550733434271,0.2645942278422625,0.23845945498530163,0.30081939163944044,0.2533942517801671,0.26395051837278655,0.21731067789938993
AKT2,0.24043620706748833,0.2495588276061909,0.2583064193995947,0.23744473134037822,0.27500137558178994,0.27303587033081483,0.25299875820094864,0.1957037161859951
AKT3,0.2786518350324388,0.2533888460155153,0.299658834749778,0.2517940172267171,0.27978990194553316,0.25318684710355455,0.26963796212488345,0.22092001867163363
ALK,0.294639649395645,0.26110235242525265,0.26884080088682694,0.20535809051622997,0.23426353385795431,0.24939526983521668,0.25672682257833485,0.21326790620907368
ANGPT1,0.24348839702697775,0.29172759167228934,0.21230514609140969,0.293302329453549,0.25176299264957824,0.2363168871000682,0.2552939328695741,0.20208911017212358
ANGPT2,0.24830042385343937,0.3123642903007757,0.23115347131707184,0.2389078157747532,0.30158174691362233,0.3001602735714528,0.26907049049344406,0.2155252315893202
ANXA1,0.25705947437794063,0.26477728459944,0.3149209060711421,0.21688041009569456,0.27086776238358173,0.20247336552138392,0.25239212526502586,0.1846094848161666
APC,0.23776617375458142,0.27439721048936017,0.26715281803100455,0.2947556807269031,0.31986615397220663,0.22811630871762184,0.26682004510529417,0.19861201003263618
AR,0.2668044083709147,0.25731427693602493,0.25424283117573027,0.2476411860491516,0.2669881375621667,0.28974213822771133,0.26411059892508426,0.21249226931354329
ATM,0.2378181470012419,0.24130076654391844,0.30911120524343294,0.2688108215043975,0.2923312624233896,0.2703677124694723,0.2642379064419098,0.20891658735020563
ATR,0.27358014262921365,0.2562632825308655,0.3136073907443197,0.2689552313733954,0.24833289177346932,0.24751674311676675,0.2673745411615733,0.20756198802629436
AXIN1,0.24336337305577374,0.19690380277941869,0.2482555501647667,0.28719685503572706,0.21839405676181814,0.26721986669951997,0.24425845576510408,0.19957467588509148
AXIN2,0.2596867944222593,0.3235099819753075,0.2722647595558693,0.3242046754496362,0.2912222745983319,0.25127590398824445,0.2843513992351001,0.23383840208783158
AXL,0.25416190971580604,0.2370494756759463,0.2608640506844553,0.2471353393705466,0.2556134197715648,0.29645262987382176,0.2574542396519309,0.2085521216160468
B2M,0.28455355444998404,0.23706974852005164,0.21869069554864065,0.26431892608178215,0.28686072507602806,0.2618878735314646,0.26447252107182845,0.20614497070311855
BAD,0.2743950629932916,0.26730737577835495,0.2650829457730243,0.3031256160710648,0.26721969638828436,0.22523584277582556,0.26924050177373654,0.21703753470752152
BAK1,0.2943311111371469,0.2434458286850336,0.2593037372903625,0.24524622925814207,0.2638761911522232,0.2840251657552391,0.2691067504219149,0.20414835269992263
BAX,0.23122333263468653,0.23619457125139795,0.22609168289660825,0.24580681197297852,0.23294381185128568,0.21670303361010113,0.23202032182161333,0.17728820792131889
BCL2,0.27227398468875064,0.27034553248506504,0.23929470960432458,0.2486235918810564,0.2867962980979758,0.2875611734411548,0.2687419555029301,0.21317130288861075
BCL2A1,0.2802024541569178,0.2935536477222261,0.2869405037873232,0.27593393433419366,0.23222380639645887,0.22735735084709002,0.2674243699396999,0.2156936144426881
BCL2L1,0.2683946244868719,0.23666250173131276,0.3518612646530493,0.2212270537282824,0.27439056677101276,0.22289521015001668,0.2599968781872573,0.197411361393214
BCL2L11,0.28744328103218525,0.24677485070138716,0.21124106814647187,0.2502349912204164,0.28553743186467473,0.24352673387456172,0.260735901913383,0.20822625095547537
BCL2L2,0.23283193441848882,0.2502429197971239,0.2597260910764331,0.22882333383061518,0.23878726711240672,0.299561262725818,0.24774807112268063,0.190786290879258
BIK,0.28200205423044505,0.2203624054509048,0.29786398172403655,0.24162222821696627,0.2446087268484022,0.2824379232521848,0.2628211251888688,0.2021044547658694
BRAF,1.059320447358581,0.8200987812677586,0.8024954122476595,1.3248525744957549,1.6526597606380302,1.4528258672029357,1.1871170477525808,0.8147453797196738
BRCA1,0.2489240857538854,0.293244046612988,0.21651349060045594,0.2718284841669482,0.2950633527072582,0.31270869233687826,0.27120388617940444,0.21365225797617896
BRCA2,0.3045052849043547,0.2533831406737134,0.3178267114574382,0.2488243415383977,0.25376705760113727,0.2488692501710229,0.2741260877107167,0.22526393431455727
CASP3,0.2536696248178594,0.2638969100206927,0.21695655569800026,0.290716115998008,0.26047652505305513,0.2712222216187414,0.2606630701487929,0.19884949515634287
CASP8,0.25945608500016065,0.2997533329255495,0.2827893875533027,0.24465209451937475,0.2720080572311408,0.2913489691471237,0.27152541208238296,0.22139231445570395
CASP9,0.2930266041362992,0.2638638700663687,0.2988534394269198,0.3144995010890501,0.27329722722367994,0.21215732899812814,0.27895641257571796,0.21746669543351235
CCNB1,0.25667609564397176,0.27546938533078824,0.18528838278166432,0.28571465909866073,0.230183462261289,0.2508309102080911,0.2513347502808837,0.19885425242938273
CCND1,0.24976173462104775,0.24325239041317406,0.2870352914363785,0.3180479148785519,0.2708663796675797,0.3180837986700653,0.27709369172571424,0.2207457379144386
CD3D,0.26586126934771936,0.2953877971914032,0.23853905248825935,0.25156474845911936,0.2903102292717686,0.2534565693783361,0.2665560034083953,0.21346449735541456
CD3E,0.27562156081764483,0.26198757449939114,0.21412440395628166,0.2849348800308617,0.2380916015122258,0.3103816138657207,0.26754119540939914,0.21685166841386688
CD4,0.26229659835161795,0.22388774879986978,0.2502170515783485,0.24868999308418965,0.2742907141074368,0.24787640464068997,0.2531817261751173,0.18514262509285523
CD45,0.2410209817256111,0.2507414898848126,0.26878478279896395,0.2647111210455934,0.2976186529729148,0.24590474297554152,0.2587294422566982,0.2015653251216913
CD80,0.2272932717998967,0.28880394239253554,0.3213684006899329,0.2863939915432147,0.19916985228041936,0.29219043462014055,0.2608561938478784,0.20058982638392372
CD86,0.2500649179948207,0.3146117335793105,0.22108570943735897,0.28408266430459683,0.24142232400700886,0.2702356683778795,0.2629605626207537,0.20356971191798612
CD8A,0.2653532172060411,0.24653155726883685,0.24934967395497604,0.21993545849369703,0.25798058292489334,0.27099555849032886,0.253048583675785,0.19150924089288401
CD8B,0.28771369847068906,0.29458426759678097,0.2862976830861487,0.2098219636149772,0.28503781064665096,0.26908493276678985,0.27253250856530914,0.22419208704175164
CDH1,0.26065412780420305,0.2898340085356739,0.3213146911134088,0.2860763429675088,0.29872477806923853,0.24434712533306174,0.27923547535909193,0.22528553359957224
CDH2,0.2717860513059365,0.26323090891123024,0.2856250503674494,0.2912658870827567,0.28966775460733546,0.22924470933066401,0.272205550117458,0.2066546192369367
CDK2,0.2420874411824663,0.2643401977479759,0.319978816511036,0.28274639785777145,0.2779662033885323,0.2652605264489393,0.2693091534785604,0.21621984473005829
CDK4,0.27820017246646245,0.2618084725106271,0.28542677455815485,0.27781577982388284,0.3008984336824712,0.30345479086584815,0.28363781361693724,0.22010577548584398
CDK6,0.2787796530120024,0.2774951073111207,0.2708811189355792,0.27667461601907317,0.31520444792079483,0.29473517322326037,0.2851537331866405,0.2134425164384984
CDKN1A,0.27897133845471184,0.23586040636969094,0.2318146489772467,0.2686249460878781,0.26100058724900366,0.20149566119784829,0.2525136359421652,0.19650243693200473
CDKN1B,0.2584263418596467,0.28996391958285905,0.25995814145649543,0.26894918358006736,0.2763457996931118,0.28217369813337406,0.27076650677016545,0.22092269055170588
CDKN2A,0.2720475403944174,0.30585965716167207,0.23525593155114022,0.2623557370468722,0.2686069866845528,0.2369603703350805,0.26564155241322174,0.1998980849813368
CHEK1,0.2802910576952478,0.290788122582639,0.26046587462134807,0.26547701214782743,0.25197401331344355,0.2577444361142857,0.2696194873300284,0.22790002250034358
CHEK2,0.25873320765982766,0.30962026691282196,0.2517471034536077,0.27796093655253146,0.24521779193305876,0.2414631531653755,0.26376576859946166,0.18944686393242308
CITED1,0.959892371843909,0.9228887130734702,0.8578249935643119,1.0454460214418029,0.524728905027929,1.4872424977505658,0.964430862195636,0.796654961252402
CLDN1,0.273398509050526,0.1725417493442869,0.2645781667333697,0.258462550773986,0.25146561884556407,0.2635684355531238,0.2512051151318215,0.1892624743534303
CLDN3,0.268473607833637,0.2636532168569138,0.19536673271866625,0.2569630756810029,0.2665649615506679,0.2490376831929623,0.2547716682219979,0.19131265377765425
CLDN4,0.28496044229818357,0.26928145520955943,0.2629339701318312,0.26974279062888973,0.2513753671575555,0.28059632297035636,0.272061963297159,0.21067991463948021
COL1A1,0.24654119391331383,0.2649161327867672,0.22965564213777595,0.2631720500256432,0.2833067323219499,0.25025859874288026,0.25612216917260333,0.20630181980037615
COL1A2,0.2579185651496668,0.27688037346395444,0.27192596363070043,0.25619261506274743,0.2575387693687139,0.2668508213301959,0.2630034356797074,0.20965228634726849
COL3A1,0.3081246944285276,0.26204933717970963,0.28812830878803625,0.2847297813452222,0.23714941231054054,0.22905742562218825,0.27377935545668003,0.21135377240995798
COL4A1,0.26627397467604214,0.2744382800662251,0.28616830879832394,0.283730353723566,0.2561767522141975,0.21255652628336485,0.2635243961266437,0.20797995902031993
COL5A1,0.2378897962018821,0.26270458045458667,0.23808447040971403,0.2706538562346739,0.3011701062813496,0.2819032260160546,0.2625994026685359,0.21943222025469367
CREB3L2,0.24539565701812205,0.2721192375799156,0.21125690590777219,0.2717413871105352,0.20386738415059028,0.29636621310436023,0.25043967253428356,0.19626613363205248
CTGF,0.2559760703173124,0.26302862520975734,0.34655018209724897,0.3045328704903502,0.3031437591569494,0.2847073155973571,0.28630880747393533,0.22845390606866997
CTLA4,0.2695327688306878,0.28415227026041245,0.2410938935771015,0.24579781890852298,0.27063510829562576,0.2421331185648941,0.26081046111761774,0.19462220282956016
CTNNB1,0.2495322933018139,0.31454410243498987,0.3205619041886463,0.2919928158203547,0.3085856637473176,0.2633167879981779,0.284467199836718,0.22793032719226072
CXCL10,0.2835378240785932,0.24946594406167535,0.24232980548231026,0.22206900531711338,0.22937949421174825,0.29298540417616875,0.25702012127808294,0.20425753271361557
CXCL12,0.2684537130586182,0.3071220034924786,0.26902740972370215,0.2648216143547804,0.27493271834001826,0.270997827522432,0.2746259005023232,0.21666435588723829
CXCL8,0.41149155310212554,0.24836425638744355,0.30108238740049886,0.48906135434462733,1.3863822088569155,0.24178154557759918,0.5148663928272311,0.6061650928829123
CYR61,0.24561118052486758,0.27588234581633747,0.24103218389291267,0.2639927330300963,0.27436964120009033,0.26618309654893074,0.25962118799139383,0.21427083831541516
DIABLO,0.24643449463511954,0.3364227679247764,0.2722330890290863,0.22413848889694635,0.28844676135183045,0.24642502817933884,0.26450060142006726,0.2181564779978207
DIO1,0.8786865723376609,0.6188483457176965,0.5429184747681083,0.137503523749935,0.2807547706847496,0.4916354044794157,0.5366520566908102,0.731071396374053
DIO2,0.8935226306170125,0.6914860475748206,0.6382550218090624,0.20338319090183934,0.4047958863924713,0.5589445129455395,0.6009399175523975,0.6825210047189743
DKC1,0.2602020205703481,0.2632141835470284,0.20728940763923842,0.29806087275053544,0.26992748380054,0.22809062689625495,0.2580769248935614,0.19664264521011973
DLL1,0.2756505880682309,0.27798579357185477,0.3324786536479213,0.295768870796455,0.24757373503511076,0.2345661227705466,0.2756465038469988,0.21873671302436057
E2F1,0.2584517152210342,0.29750116392577536,0.26414008304670367,0.26065930447809615,0.2536744842152052,0.2598682010241076,0.26434210157803595,0.20226102024046647
E2F2,0.2337401392559719,0.23311097611242196,0.2551530435121959,0.28689312217303564,0.2840962033836369,0.24659349190890784,0.25436927299975987,0.2067387682961387
E2F3,0.26751506722730367,0.29491543980447793,0.2822540420525523,0.25779192798241657,0.2132850618152933,0.28378517225547256,0.265312412285424,0.20413618710835157
E2F4,0.22511771333384312,0.2622727174745548,0.2443253722290298,0.2531829121597875,0.22820294327534496,0.27934252507582213,0.24509242646240223,0.18509169955548194
E2F5,0.27959830030965216,0.25728772005483747,0.3019554570343087,0.32307641026568457,0.2290108090456874,0.24346595874914187,0.27348306352094076,0.21204097270344635
E2F6,0.25846790784464696,0.24753750874037922,0.26217480913549035,0.2738190286781203,0.3343428904580201,0.21281821557101613,0.26517197111265456,0.21394623286236636
E2F7,0.2751840812347949,0.2510899438649414,0.24858752613449137,0.3138480563223453,0.25982290501004807,0.210629716904447,0.264013766023322,0.19034880303962196
E2F8,0.24871204117947945,0.28697030740500584,0.23112813502369378,0.2395423590692311,0.26880425771283156,0.285107590583804,0.25866822317387,0.20095840433178105
EGFR,0.26855506579648736,0.26296263981360746,0.28162352229647175,0.24443610539158606,0.22781505183262946,0.2906151844260786,0.26205030051878925,0.2039297841942113
EIF1AX,0.24284886869687158,0.3095127361177675,0.24349132033027437,0.26313134277554345,0.2500916717460218,0.24974941252641703,0.2576244832532098,0.20471037723257407
EIF2B1,0.2787549621723442,0.2812239985166496,0.33112629121232856,0.27746155711470355,0.2707941860027733,0.3128867148417677,0.28822564444873583,0.22602601794927693
EIF2B2,0.26327077010148303,0.23906751051891514,0.275846239790474,0.2472535822762348,0.26221493985387523,0.22731679769145366,0.2534820346981398,0.1946859796415983
EIF2B3,0.2762330213957643,0.2420246688804551,0.2512425663903064,0.22699364278704054,0.2549264995947589,0.2655741074510551,0.25576301323243666,0.1951830036787699
EIF2B4,0.23901776934847282,0.27683122587128245,0.23407713435162983,0.31151710186794507,0.2879359075214988,0.3073485590743208,0.2727678928574837,0.2203378723776575
EIF2B5,0.2699178941158284,0.25794056956315997,0.2670407160957447,0.23477496774496284,0.30131502460798154,0.26499243945223394,0.2661902288747173,0.20019049116126073
EIF2S1,0.2877427624763039,0.2688305762954108,0.27023376233548707,0.2572360175413831,0.283869196267503,0.23033460039805795,0.26952101732027917,0.2145772494160041
EIF2S2,0.26587864638590225,0.2673970405452663,0.2269379319797805,0.2990318916303453,0.2495927867160769,0.2514919266669933,0.26280205632646914,0.2133957977883895
EIF4A1,0.2553265977707721,0.23265279126349026,0.2539471811629251,0.25323327577393884,0.2923430182552552,0.2319227792402951,0.25408005857809085,0.2038020239592875
EIF4A2,0.27524972178457485,0.2087345808018616,0.29004105567174066,0.25769272440035285,0.2561836932657866,0.2757157252474285,0.2618806803065387,0.2124991481098517
EIF4A3,0.25794904764540233,0.29798128376473765,0.2607691934490336,0.29815993397390644,0.2591254557177946,0.2297757659096896,0.2667910175760085,0.21956133546394632
EIF4E,0.2840398104971666,0.2553757981622494,0.27020796296160127,0.26542553982465195,0.23850397619455502,0.275116439777061,0.2672232266605881,0.2121544020624257
EIF4EBP1,0.2546464573295109,0.26849786609910103,0.2416079575143554,0.2599286371082972,0.31666980979053716,0.2701231602037018,0.26762723722302884,0.21382650277705706
ELN,0.20796070778937517,0.310651644327095,0.2829702295921278,0.2917527502064131,0.2869350669163029,0.256062218473082,0.2632693620398884,0.21164825396235315
EPAS1,0.2825380212094446,0.2873770970319353,0.2664911358964794,0.25065070935166295,0.31530673197126996,0.28925972272238093,0.2820524763057953,0.21618368575609326
EPHA2,0.276799042090619,0.22784161405001996,0.2651833808624831,0.30703851780221786,0.2812408238735133,0.23621594527338652,0.26879074722600266,0.20911811666407654
ESR1,0.2556566447395571,0.2516892699598817,0.3006584333207817,0.19896729580204428,0.2368772193833357,0.23470384416119627,0.2448784043076244,0.19123809967768207
ESR2,0.26269227133727524,0.2122519916137079,0.23012259139989671,0.28132839437745183,0.3037882309905533,0.2454205365873606,0.2590535414544187,0.20213195857844654
ETV6,0.28154506501791393,0.2751746268768201,0.23347123174243012,0.2472602017834382,0.2820013132734433,0.25585808725528913,0.2661066698339703,0.19862043353170977
FGFR1,0.291810952476792,0.2517297855505827,0.3409129235874625,0.250983583919551,0.2604654639579049,0.26655165721679913,0.27659820734663493,0.22231153716900465
FGFR2,0.2505584835577124,0.3219050174782895,0.26879056802533763,0.2550295357506617,0.22543532601009933,0.24437236538131188,0.2585412436476348,0.19609991416976158
FLT1,0.26399310436288564,0.25933429673279934,0.2913195802916007,0.2605852419756244,0.25082586447230765,0.2711215952479253,0.26479275231477123,0.21403190759210014
FLT4,0.24068488529340806,0.2616035267181773,0.23348401401594895,0.2819211963690675,0.285264949955763,0.21618656668119357,0.25307117282257047,0.20158621015617142
FN1,1.0657528688584834,0.8624491537015956,0.8298031547691813,1.2347107189986155,1.6086677703133454,1.4477724488120567,1.1754628557048377,0.7973169359500203
FOS,0.2668619897093928,0.2454955214446915,0.2453947675022289,0.2512412028944472,0.2507589594127573,0.27433964587390747,0.25748409146353846,0.19488699067964507
FOXE1,0.2607849252451517,0.3118112719195192,0.23158853182017988,0.2514735740728845,0.27644031005380504,0.2618080094261702,0.26560987218934706,0.2100218432204874
G6PC,0.2652383959908527,0.24768600569848814,0.27806723128516775,0.25982434330786014,0.24803987607801645,0.2514463553217193,0.2587805351783865,0.21285766562381647
G6PD,0.2600621468989928,0.23449464313626942,0.29053843821622866,0.2512413718130686,0.27915432495661374,0.25578885775727034,0.2607505782753285,0.2005131672463227
GALECTIN3,0.9864959274552922,0.9329114090520401,0.8501306082122129,0.9994354664050461,0.5582861107527781,1.4635668377354214,0.9668974253510356,0.7970030296012977
GALNT12,0.22358832721411856,0.6989757718711289,0.8054327911544078,0.8221016001475212,0.287038844618764,0.20498184402546962,0.461125553503811,0.5771324873531536
GAPDH,0.2587349423138102,0.24111792723081732,0.29705799423568113,0.2629275634842124,0.2495604155701864,0.2277002783452242,0.25553298793497886,0.2081379671889937
GATA2,0.2557982429022441,0.2848554687172954,0.2636001499817363,0.28345245292686394,0.2671290961320174,0.20601133389851495,0.2601261363824122,0.1959642948440441
GATA3,0.24038743810043145,0.23880063304663174,0.2697543424801058,0.28488979061435393,0.2672324686439006,0.2244864867426429,0.252739955281914,0.20070717641541908
GATA4,0.2464043197218771,0.22980956540688008,0.29761712643190463,0.24499825515538282,0.3055265846669316,0.22762287570844011,0.2559794948606764,0.20302383845120633
GATA6,0.2721624717907459,0.28578259581499327,0.2751208295477822,0.25649168830100394,0.2666313739143107,0.30860299072595504,0.2759872191953732,0.21615535324601645
GNA11,0.2694711338924555,0.2583494781534505,0.2582434342438944,0.26588528711104015,0.26376022935717686,0.24987574586643888,0.2624872151965701,0.20031316026727347
GNA12,0.23097543215032365,0.2796773531210581,0.20533679319150827,0.2406275795299946,0.28211872067291327,0.24993310236395344,0.24694610912918005,0.18681155792918258
GNA13,0.2156590132675077,0.2816720607967902,0.2624302982261403,0.2942292354452366,0.2722709147594004,0.26096250363482754,0.2580605305061001,0.2146626868139268
GNA15,0.2306451333154189,0.29056957032391784,0.27898440737671615,0.2888608538978765,0.3091217627583826,0.2788479125542952,0.27272593784078314,0.2142202789803823
GNAI1,0.2959964676871018,0.25377187501016957,0.2860021815713261,0.25660721401671954,0.22398220009182943,0.2413042140073991,0.26385826296369713,0.19190534222917455
GNAI2,0.2359159392603499,0.2879429052402803,0.23932868514297745,0.27243230205878244,0.30538846248139145,0.2495288698850011,0.26211170373423165,0.21566800416787357
GNAL,0.248053754560867,0.2649594826117719,0.2805625313101519,0.26098119333025616,0.23898242819390839,0.31901711924128157,0.2646385575678615,0.20907938561872863
GNAO1,0.30484397635308,0.29655812059724895,0.2633764564087115,0.25847890407833407,0.27810002656323835,0.2735685647215396,0.2829284604028874,0.22228520886013445
GNAQ,0.25443340460617264,0.26634735437738166,0.3151086113281396,0.28680710440873464,0.2623747837394893,0.2655747214814679,0.27098609749975605,0.20225759060287912
GNAS,0.26231609969446856,0.27291431173734937,0.3167935920389603,0.30359740958859177,0.3541848293603121,0.21103263782016676,0.2836341439374614,0.2261925405961917
GNB1,0.28095300985577637,0.30760308722765617,0.22794805156188228,0.2961253619641507,0.2466020082068816,0.20084546920457286,0.2649195780226966,0.21473190514733337
GNB2,0.28284357739888466,0.23444776604192352,0.27387435055632614,0.31525494550391586,0.2679363932349114,0.22914679692715423,0.2707918782104025,0.21038628283377003
GNB3,0.25817175765784645,0.24745419312112765,0.24705763307206338,0.23417854306533362,0.2367702248056146,0.2498345540099704,0.24702181161594483,0.19135038549951106
GNB4,0.24874742494315447,0.23628437433047975,0.2632373542659187,0.27399242250511446,0.2789142686568374,0.2903407158674856,0.2632196067388866,0.20426720288578837
GNB5,0.27235117937362224,0.25681077841817485,0.29380744306740836,0.25031463547203453,0.2618953407043572,0.24340172204735844,0.26328588457573626,0.20660217188852437
GNG2,0.27399258360813455,0.28009656092169244,0.22525891206544282,0.23778339761434458,0.30331385529846355,0.26495048269553734,0.26661443289058195,0.21133656738794745
GNG3,0.2531892760912252,0.22578363327164372,0.2117739835251835,0.26150353532298276,0.24364022863656104,0.28106498564250354,0.24857969158523102,0.1864918898760713
GSK3B,0.23879474464535458,0.2336310488379471,0.29094866728438457,0.24691856570820295,0.2780669346845397,0.26159631723416366,0.2543932181469028,0.202139878428532
HBME1,0.24223155894949297,0.2670775541958397,0.3042609601926897,0.27266100693192397,0.25940835708248416,0.330037953183731,0.27246568756065265,0.21331991356498733
HES1,0.2636788120069654,0.29231636402565014,0.2026764562053649,0.26739695860241064,0.286287130495463,0.22957291247292624,0.26021501952019416,0.21304622473892446
HEY1,0.2598609900285639,0.2922951396754676,0.27994602436894755,0.26288805444172086,0.25137634129919945,0.28686311592622293,0.26955594373833575,0.21956107260205923
HHEX,0.2784703359076127,0.35026112260088277,0.2318499885871339,0.24133692373334745,0.2698733349504024,0.2511351950726868,0.27196235984371153,0.21559416294997064
HIF1A,0.23502772913790818,0.32514782317952146,0.2596667317201228,0.30211072510325787,0.2455114697177323,0.2465086158641533,0.26465882533649937,0.2148894391266674
HK1,0.26571614216120965,0.2475484357790661,0.2568843800085988,0.27208088329461705,0.26228893783113866,0.27696963541186187,0.26431171740335285,0.2103037058831696
HK2,0.2561205898150537,0.2589539114418443,0.29882646219108533,0.24092386725864384,0.24848147437885518,0.21392317531217883,0.25169857745078017,0.19240086683872054
HK3,0.276512130692461,0.3245486935346779,0.2243073173131393,0.2693287635958949,0.2525499314405866,0.2677333397830288,0.2713059447947369,0.213949439499272
HLA-DRA,0.24674852333310715,0.23082464374616055,0.32871843336487966,0.24855773091957004,0.2661677522000646,0.27618990729774345,0.2610020835081789,0.20296813320034823
HLA-DRB1,0.2556477621284918,0.2517453681547433,0.25778791812136903,0.2876191682856724,0.2320420740583044,0.25621131286007537,0.2571439721373178,0.2023142178925827
HMGA2,0.9308924955523354,0.8545873076474731,0.8669151312438533,1.0440125010491004,0.539511909606863,1.5341355924048008,0.9560287982685736,0.8189577958102834
HNF1A,0.2819861635284743,0.6781862897264499,0.7928903448879577,0.7645452992266787,0.2690531524437462,0.23028604121126361,0.4650511634747237,0.546970932712208
HNF1B,0.256202631649079,0.23827847466681662,0.23714378304848296,0.21679912009139735,0.2786468613118737,0.27961233628725496,0.25170859102898085,0.19421497178416022
HPRT1,0.24130892676529325,0.27513291963454906,0.29063619395202894,0.24300681181977088,0.2743547257117192,0.2049554984833118,0.25177006832683557,0.19628377515347897
HRAS,0.2699532016153397,0.261645609515529,0.29530171636883373,0.24576120359902187,0.27093676906507486,0.29143468716380044,0.2707176782579192,0.22135281450826708
HRK,0.3049485555577935,0.3058044184142458,0.3465038822087231,0.26983416705498936,0.28355527954757337,0.2681904723447689,0.29545857932856634,0.23392741664567462
HTRA2,0.250721199535715,0.2379271381776784,0.2196757903642538,0.3212022145221853,0.24409895113463642,0.26556511331977384,0.25829151479008045,0.19981313950363352
IGF1R,0.2581384751915357,0.2335832194677511,0.3004828384472756,0.3312921529759384,0.29731722453244647,0.2948449439219499,0.2827089948064672,0.2262867353144885
IL6,0.24776700751776276,0.2626475311633285,0.32560716072736823,0.23545905439471637,0.29165622444921063,0.2017567661189514,0.25674631303045387,0.1965776986614756
IL8,0.2520766421164845,0.2668934262214491,0.27030846700931654,0.33738917336604696,0.32722197034187134,0.21427941879430962,0.27660996423377004,0.22883953754436223
IMP3,0.29665446100178416,0.29706159512252683,0.22350488716218786,0.24515627216390057,0.2479533364750582,0.3284560531924077,0.27697668373162176,0.21857412237129073
INSR,0.25269036849541887,0.24026970075395113,0.31569768620393074,0.22791265603444213,0.29569595890697226,0.26342462823603113,0.26189763803229255,0.19905523507220962
ITGA1,0.24953931034768911,0.21660800555210394,0.23626456985088184,0.2528061083631779,0.26104755690955667,0.2780909041849428,0.24975871666447574,0.1919438692054365
ITGA2,0.2837138545204739,0.2911113144431583,0.25192162093943726,0.2594250748816434,0.2354659874526658,0.2985265711337968,0.27184679901075065,0.2130756342905876
ITGA3,0.24030465176785382,0.24336411969483066,0.20383549997152534,0.2388012938409926,0.26775370686477895,0.3337435751838664,0.2535981241290081,0.19672453401172166
ITGA5,0.2575145867881175,0.27922963730902856,0.2945743489042559,0.2518045500535338,0.2524303144203511,0.20683775332798135,0.25588143165862337,0.1937038330164212
ITGA6,0.2538337097866424,0.2670889870293564,0.30512756877697456,0.26321658223194655,0.22767848598569215,0.25963797093530167,0.2597480606667756,0.2066360622866759
ITGB1,0.29674122989330437,0.2737694104934883,0.27690177258653675,0.25367144924782875,0.29906444492979783,0.27705250100642054,0.2817884084535069,0.22534035658780707
ITGB3,0.2676237502086813,0.27475327472645705,0.2555100562314954,0.24786360557372264,0.23698330760930747,0.23816614749366213,0.2552021260697572,0.1892865889275219
ITGB4,0.29214554125375614,0.30281867130072976,0.3519304218841621,0.2574892654609137,0.2786601507732173,0.26818080431916197,0.28910593530052014,0.22473759846595875
JAG1,0.2955043893936821,0.24509626084156882,0.21243666629085106,0.28686639621336857,0.2612624068910428,0.231327772560554,0.263689014888573,0.20220800520810656
JUN,0.23250498192262467,0.24704470738355355,0.24326587228584864,0.285421055417868,0.2845227951177588,0.23232795946850707,0.2524619677568372,0.19641688997980766
KDR,0.23648399165889541,0.29272140289618315,0.23994513505897394,0.32158885609656124,0.2307832613348972,0.2572414099880264,0.2608754886387958,0.20996921635462548
KRAS,0.26338728094632335,0.22645407739570744,0.22725495032724688,0.2835194540804666,0.30728977470740104,0.2686202729478241,0.2650324580093485,0.2008238584083313
KRT19,0.9742887867098117,0.8717080913621739,0.7974217141674371,1.024359505317873,0.492764728311572,1.5072332804069035,0.9491885837108067,0.8004549060050546
KRT7,0.2978769064186377,0.2991997893165275,0.23625465718834518,0.28673477011285686,0.2813313985818833,0.2932953421433209,0.2861925865646061,0.22716253529466418
KRT8,0.25223631623283616,0.22039564119077984,0.29375418226871275,0.3056903684371294,0.2688740463558098,0.2801689684816412,0.2677575156517074,0.2046468040532488
LAG3,0.2325239382267219,0.2893579670988138,0.25344616020940036,0.21548006357558033,0.25878107262406397,0.25840049471017,0.24750707172635927,0.1913707925001227
LAMA1,0.264359187077943,0.2725401089459383,0.31413597689910083,0.24818589649156605,0.2395998078604555,0.20718775484464302,0.2566074725847115,0.2010979461533464
LDHA,0.26389996113471714,0.3023995471937735,0.2667597910664366,0.27858773325106595,0.28432272338228753,0.24849007777840665,0.2729927294208376,0.2115473291564825
Lhx1,0.2697271598416632,0.24347748523342927,0.25844896378674104,0.2786903634923673,0.31769502511361203,0.2539690757572684,0.27146190715324964,0.20852638137763074
Lhx4,0.3146636423801765,0.2697589649983442,0.26351197725251063,0.2823286930490234,0.20938313783622203,0.22431156492336982,0.2687207838889953,0.21001499619794997
MAP2K1,0.2708448663122607,0.2338625217136361,0.29882656565709104,0.25222268388024777,0.22236865049905716,0.2644727932541043,0.25742271152144736,0.1995090277632289
MAP2K2,0.30208387691870925,0.24799561421953562,0.27724313186710686,0.21774486726348014,0.239192634538875,0.29203531481497585,0.2667510159397813,0.2184624560965278
MAPK1,0.2857381181641749,0.23818181380544348,0.297878646075866,0.27615583337126864,0.24816522005613864,0.25339460454893575,0.26865251742598806,0.20492614759179612
MAPK3,0.243427316767397,0.300879458010565,0.2500168661166867,0.23903255296952283,0.24552408311147558,0.23932507067962475,0.25115707524737824,0.18806481823282872
MCL1,0.24862083382322286,0.253418137562698,0.29786228806732296,0.23064738118207248,0.24977270708146826,0.3115931366434637,0.26068495706901257,0.2031362251490357
MET,0.2332750366902265,0.30315591490338056,0.25856932799417676,0.31537098943256603,0.21905484878330278,0.26381949586471964,0.2615436071102263,0.21419899620643995
MKI67,0.37868873086651716,0.18773148366226677,0.16004997182048192,0.46499708098107567,1.3398558344536144,0.19986639391494543,0.46426695901799303,0.6255169248099511
MLH1,0.23163924426950744,0.24485525334234398,0.25473838674855365,0.2876206426466033,0.24233742304491945,0.2797656756146693,0.253690276089883,0.20973045998486575
MMP13,0.23296097789158093,0.274970501761411,0.2564489161434553,0.26106767861797764,0.23285495437252102,0.33900165207327376,0.26080152839904375,0.20615861814415457
MMP2,0.2426081193653156,0.2694053439278396,0.22010811823843457,0.29117910129185415,0.2818675593230026,0.34911568556366623,0.27271580716040894,0.21816135600191366
MMP9,0.3851602114852042,0.21139504490900676,0.2761923615515949,0.5159317105790712,1.3184555626161327,0.22742770393983705,0.49139336858078875,0.6056506467989076
MSH2,0.2639790933854958,0.2645515575984287,0.2891229849129465,0.28985957588262073,0.22528743672257862,0.26235044736491864,0.26502835561905935,0.2106248691217945
MSH6,0.25610660233955007,0.30934427351895494,0.22576944548920558,0.29221419016857425,0.278601985564745,0.22125248493837787,0.26474380445628626,0.22476428696210712
MTOR,0.241915178695236,0.28737337027848964,0.253385484037046,0.3170674171161251,0.2770965860136417,0.26441703618023554,0.2705288630698214,0.21162790612512974
MYC,0.276890677148223,0.24815267765325363,0.29371367349258143,0.25428438318940233,0.28813168606977707,0.23977210297097187,0.26756281332411064,0.2239575470207753
NFKB1,0.25630627222898006,0.21676843522154687,0.23939429183655841,0.2858353947235866,0.2699889607720456,0.3022259129384298,0.2623254560871716,0.19923918131057033
NFKB2,0.27652576605963,0.19817411205716431,0.27708463360538377,0.2478013647400391,0.24601922443709945,0.2775894987351208,0.2564053070792599,0.2060202915222476
NHP2,0.23633504627731355,0.29781781241279937,0.2616189626021051,0.28305401244053174,0.26323375356193734,0.25007646289118046,0.26148819255760997,0.20118286918592143
NIS,0.835792087238154,0.5996310537573639,0.5278059397564804,0.137503523749935,0.2852837566220173,0.48624149509788367,0.5197357006450967,0.7015908948847327
NKX2-1,0.29634571575840074,0.29755215701306015,0.22528049847897727,0.2367210715511857,0.243409644256335,0.22101245464268612,0.2601292927881891,0.20903362310940835
NOP10,0.2728716985854842,0.27794364635916563,0.2629674705404668,0.2705890468107259,0.27895568017446215,0.23967198616090904,0.268413650048159,0.20783235477716508
NOTCH1,0.23256034041848503,0.2599627602448166,0.2506636582062616,0.2591887918062956,0.2405412260476413,0.25364296672415443,0.24696323156010544,0.1873824924172709
NOTCH2,0.26225348694968204,0.24265091399715938,0.2433770511947837,0.2564495134647364,0.2572709754516212,0.22593567282024554,0.25066083882250434,0.19133715697469156
NOTCH3,0.2502132117442045,0.22652240151577666,0.22598954181808226,0.27237385014495785,0.2692505801932306,0.2472702407527336,0.2504244831628206,0.19243093020882018
NR0B1,0.2591318880947282,0.7338951043755073,0.9153367899208978,0.7816104066653534,0.2588589114233004,0.22490973082267673,0.4802678503747063,0.5708891403739021
NR3C1,0.268907119936542,0.3201924793112839,0.23332194774135714,0.26169358645052726,0.3268418287431979,0.26455527532582285,0.2791206361187613,0.22391101105172073
NR3C2,0.24198047989994428,0.25413404060174083,0.24786608041798744,0.24790426154271114,0.2567201090751561,0.27968520623474835,0.2527983823325955,0.20371128177568815
NRAS,0.2176152013648313,0.23793783459693255,0.2973795953309467,0.26554146898850683,0.23931579111036275,0.30226005122699595,0.25235980805033875,0.19663367473730903
NTRK1,0.28878870010469954,0.2355538945840704,0.30479392935354344,0.2995607044127795,0.2339643167770785,0.21974880722602066,0.26700384850873843,0.21908744179315617
NTRK3,0.2526936458069303,0.31712552991993936,0.28290244641479945,0.3103174664296436,0.2910454164981174,0.28536593017049816,0.2850001376778239,0.23263864473223872
OCLN,0.23297788037612605,0.2677453651135331,0.28651540128696035,0.3130282483176947,0.2886928558964024,0.2818195131165283,0.2723926093773293,0.21345969107544538
OYLG1,0.2832210920005651,0.24762990279895977,0.23094728569985815,0.28852772085443695,0.2865819658729079,0.2900793785777201,0.2748201153643439,0.22875395285054498
PAX8,1.593385441932254,1.7878410664613904,1.867904514930244,1.490186513192945,0.5849431342323169,1.7736339278091202,1.5046624024666,0.6739895705050313
PCNA,0.431961513740479,0.2453564740399579,0.26053597444344156,0.49396131466431736,1.3653623512228024,0.27782637590397685,0.5185254128188829,0.6191498455653706
PD1,0.2682079474429512,0.29241930998763005,0.2689815250212126,0.23862259039701952,0.2914724728138179,0.2772978756636971,0.2715424894264053,0.22149634568263477
PDGFRB,0.25707124531181325,0.24615584987448233,0.2828830115526485,0.3006727726043004,0.25568112354009426,0.24880987722090692,0.2643303214599417,0.2097333807708761
PDL1,0.24656312149744328,0.3012819841156118,0.21764454695823893,0.278798332208305,0.22961968462713345,0.24179033949235965,0.253070856674862,0.20637490860590518
PDL2,0.2826669043431939,0.2810473622829939,0.24246699996990717,0.25688979093362535,0.22888053423164656,0.29380227232100714,0.2670083431216383,0.22105411787961712
PGD,0.24768049596362335,0.25719784929296535,0.28925615178551933,0.27293588448572453,0.24675073733140485,0.2701191338948841,0.26080553035934567,0.20267770159650125
PGK1,0.2912328808631221,0.26767944788201004,0.2116001478964234,0.24151246770454843,0.22310494719508706,0.23265697073396122,0.2522827763757945,0.199464761961224
PGR,0.2791190124608296,0.2422165344745121,0.26921211131997846,0.30083340591030455,0.23452220221220996,0.25410829655378,0.2662248549691408,0.21888799345746257
PIK3CA,0.2258979361313523,0.2680397375721024,0.2603256198318074,0.267348100425392,0.25419848017658725,0.2451539107452767,0.24948275816158075,0.20118103877417107
PIK3CB,0.2575741634337314,0.2509756943486602,0.29556092417000135,0.24361093219164154,0.2544856661869328,0.25677732189679114,0.2579687291983173,0.2134599476650995
PIK3R1,0.2865213946616136,0.2886187667233223,0.3061623140136429,0.24159455482478234,0.2751261175871981,0.32169673142855326,0.28465173240108826,0.20892331079917076
PKM,0.2570684280904513,0.21583884028890993,0.2798369900060484,0.2771260758472863,0.25628535189951734,0.22870516999820414,0.25315589991501575,0.19173457995319487
PMAIP1,0.24150949559799031,0.26862685015097904,0.30578180956582107,0.34174963112604223,0.22222176197078958,0.2944755578092973,0.2735335127621989,0.22659451911778591
PMS2,0.2582788511957512,0.2831524139012014,0.2241055741805819,0.2734545210594126,0.28003447713485163,0.23439186267566728,0.2604718991044505,0.20812148517185886
PPARG,0.26411840898442157,0.7202553620091406,0.7718819801678741,0.8188474655008885,0.28471450437009665,0.2225700796253352,0.4737198052839212,0.5837203215053614
PPIA,0.25991056548220803,0.2527618500090425,0.1886952184407657,0.23348174996442012,0.26419899313393214,0.2819208447802315,0.25031222909154904,0.19210367799307532
PTEN,0.25521546278363394,0.25151402047100074,0.2732508231767915,0.2710497979279197,0.32632715394047435,0.2214549565113231,0.26551968530797415,0.20217716698300925
RAD51,0.2533033768347204,0.24371875051635286,0.3373595922416462,0.23162322696951093,0.2789708004532498,0.31677311838275474,0.2704350537371285,0.2094147783722809
RAF1,0.25737671420702896,0.24493577778015208,0.23377281593686963,0.22969200055328737,0.27296639487143454,0.2782931215910527,0.25369884541360893,0.2021101072437502
RARA,0.28309300299204904,0.2452087039399261,0.22496550341132124,0.24550509340246005,0.2121405484722011,0.24854935321223873,0.24947034466206916,0.1895392861858642
RARB,0.24637641549474734,0.29988261178027004,0.24130677180630303,0.2772163184788195,0.2887549909831791,0.23942961459953677,0.2638941928638749,0.21804800707828834
RB1,0.26969509727252955,0.2476017134783769,0.3032976739125581,0.27482053795460987,0.31445763783218966,0.24512073340873453,0.2746400468681126,0.21338425010204132
REL,0.26152257499723014,0.2795359390451625,0.24227656927317484,0.2983461516340461,0.2512838554226495,0.27974420165483355,0.2689897814636791,0.21013347338386318
RELA,0.2820489542835203,0.26087500054455237,0.24818918378627114,0.2588801353140384,0.301026792971168,0.26690971032808936,0.27228118007530305,0.21008893123562375
RELB,0.2863639969776183,0.26713341778682215,0.38068989440118006,0.2290524586061752,0.27779369565627315,0.31016736150364904,0.28661848666857287,0.21931397596421365
RET,0.981746067995902,0.8531577096945746,0.8048126432328395,1.0018159938704785,0.5558346414563686,1.436105525232898,0.9456079709099608,0.7893401727048392
RPL10,0.24613339661969003,0.3113275909504844,0.20942695248741758,0.2694275008693617,0.2754746701971935,0.28411080414294987,0.2647493372562312,0.19814576689278213
RPL11,0.3060908399009889,0.25174459673147837,0.27643856642872794,0.29847940221802305,0.2742036642488018,0.20351990958951482,0.2748618661932447,0.2232525463441874
RPL12,0.27132103233103466,0.23350531966685265,0.3025648352431425,0.27558304388434024,0.2596031280876388,0.26431600803074196,0.267487563520124,0.20974622733912351
RPL13,0.26256431924536044,0.234674976585379,0.28960688227597886,0.25088172352407134,0.24239229219967134,0.27541669615486053,0.25845164425344497,0.20729284036939571
RPL13A,0.2578794022882748,0.23577840066962186,0.2745943674870011,0.27308875983804987,0.2630604664379136,0.26430977600150274,0.2608865889379816,0.19873036576244532
RPL14,0.23765504497728432,0.2264850581817036,0.2826134929955965,0.2675567325530998,0.21628266887132352,0.272189486058097,0.24761388165427095,0.20075352587158446
RPL15,0.2700238729055365,0.3051935308207495,0.26466651420204407,0.272508084714233,0.2794278469795155,0.26664383177931134,0.27569458894414856,0.22898792847862018
RPL17,0.26955124889147664,0.2665600264767337,0.25239357219506375,0.26053368418459766,0.29821932340035645,0.2380969584442607,0.26573765862653553,0.19180878882989852
RPL18,0.2501281488247949,0.25936388831577095,0.29382211823329984,0.2779561348332179,0.30445154081352044,0.3368905427574145,0.2812535131786984,0.21385658651738224
RPL19,0.25192785837794496,0.22820257711225217,0.2670376961227857,0.24639281821667774,0.27036317911582575,0.3149965854381352,0.2609650973513503,0.20114261151018414
RPL21,0.28450116777195567,0.27116744823571964,0.2548210109832596,0.2705979603730585,0.2563786760292687,0.28292358871491663,0.2725186658525301,0.2123157442150368
RPL23,0.2828220513460351,0.28050797925519544,0.2872821868472289,0.23988071362710991,0.23050904679454332,0.2769242048878726,0.26702792351028537,0.2095706932650604
RPL24,0.2629618774666503,0.23746143019905003,0.28800863410000044,0.27528505303435336,0.2672177259480236,0.27490640605938227,0.26656614561145114,0.21005889738544087
RPL26,0.2545292292817534,0.2433712237384514,0.20168811067183187,0.2726955742809642,0.27972649149155615,0.2903055782377189,0.25895451413655374,0.19622043890178856
RPL27,0.27171017528687547,0.2741079964708182,0.2399678993330439,0.3062355159617603,0.2704231675183322,0.2621883009126264,0.2727514011634161,0.21788552624996183
RPL28,0.2685898335219391,0.26229893502309737,0.2592822055073665,0.22957144670188376,0.2515610879927708,0.281185941781846,0.25932669783905793,0.20055592362721392
RPL29,0.2768434697382189,0.2476462831118742,0.23312217605087932,0.28241089796520497,0.2571299538588217,0.26622689410320377,0.26437197657069317,0.21476561266385807
RPL30,0.2667428959620501,0.2552513573716391,0.25163576891852835,0.2851086743212343,0.2503989067786809,0.30892885830565514,0.2698914054131184,0.20811798152958214
RPL31,0.2737994020947061,0.27416956068739406,0.23063863878268637,0.22606907352806696,0.24601024047510975,0.24496804139994624,0.25285019587064905,0.19703071500552014
RPL32,0.2651494338019793,0.29652519561676294,0.26405406425089933,0.2545087266241986,0.2929924782457841,0.25467013583920745,0.27041035998058993,0.21391139094392306
RPL35,0.2651492416698132,0.24775532328836702,0.2673670123860576,0.25031032800561465,0.2891927613520658,0.2516883684418714,0.2623104361444031,0.20742780861266816
RPL7,0.28430908095746277,0.23513542931925607,0.2271549758553837,0.2850952388678706,0.2699784029464852,0.29688331553215536,0.27081698964291234,0.22618843349020307
RPL8,0.26681050879011803,0.2691204359211474,0.28814755162438754,0.24852169661126833,0.2518430369107397,0.24952816316562765,0.2617669563028984,0.20291848679678012
RPL9,0.2571664107634139,0.29487265335151336,0.24507722672973015,0.2513814529495146,0.22235030145540258,0.2473294242784542,0.25341061066073345,0.20030891865239106
RPLP0,0.2526351921746789,0.26768325036343377,0.3095769304926873,0.28263760341989824,0.31219785322813276,0.2861794017717109,0.27981123093763116,0.21175016536307195
RPS18,0.2481696337442936,0.25301256100987257,0.28549874879596293,0.2394376952979168,0.29426070657287123,0.2615734965864751,0.2604379582060824,0.19834778180373552
RPS23,0.24711990238357182,0.29358106951653573,0.2972878838353989,0.24152490453702097,0.2508442439584087,0.2499508825520067,0.2591767511029218,0.2134114739776837
RPS6,0.25172820922579636,0.2728522594164815,0.30070447864636113,0.3025092450633188,0.2717638817718812,0.26106903256753894,0.2729257608750464,0.22614186693550029
RPS6KB1,0.3059467903195707,0.24582992657952293,0.2839098699104845,0.26429031454418883,0.24372536750265594,0.2782369288431737,0.27485129065668484,0.21531621256400527
S100A10,0.2582164205797669,0.3075374811084328,0.2523668609154087,0.25210725837218695,0.26855855713504084,0.28229076554754,0.26832213076402495,0.210035563255878
SLC26A4,0.8931008717223626,0.668334185503081,0.6407489894501908,0.26263824076509457,0.3801647078601941,0.5178953491532793,0.5982899478330279,0.6658524740081188
SLC26A7,0.2522584347137599,0.2908398963231597,0.27190580590421537,0.2872264707948666,0.2801719879435869,0.2631641150216156,0.2714072667581707,0.22096416139974462
SLC5A1,0.24881749338429274,0.2661125243398582,0.30221546020455126,0.2931206321703438,0.21755475992045256,0.27046590614858945,0.2627670179550019,0.210100174304763
SLC5A5,0.868631249550992,0.6947257483970241,0.6321736164861639,0.30813757194480157,0.3861368896265032,0.5925616284508665,0.6127316054190028,0.6753968928071303
SMAD2,0.2650371008176425,0.3096720033354792,0.27525310154559773,0.24402303890893506,0.27000202429322046,0.265472923400894,0.2696882212643285,0.2028235542716926
SMAD3,0.23865630798393847,0.22528924766263242,0.31450288008502403,0.28428768391368575,0.2534605820452221,0.28586269002468817,0.26165060409274693,0.21395608190779636
SMAD4,0.3195417253964604,0.23454436476125068,0.2823138424860166,0.28990869393782714,0.2182641118535746,0.25582104582284165,0.2743382032874718,0.22605200884528223
SNAI1,0.4339425169601594,0.24216402901249479,0.23573231047265625,0.5007507558397317,1.3769586632476294,0.330583418322852,0.5261344469319271,0.6110496067117406
SNAI2,0.2515882521291377,0.297364715066086,0.2428621376136369,0.22080998046318623,0.3047317029905573,0.26605343175682855,0.26197500503200694,0.20553824361828446
SP1,0.26012483692277205,0.213224847691571,0.22374639207896344,0.2816624438259048,0.2824253640988641,0.26999083923992034,0.2579358043378222,0.20231887511391403
SP3,0.26653256838447814,0.30575246601578226,0.28642581556683844,0.26099672281154546,0.2689956188698024,0.303352023200779,0.2787576088066768,0.22132446248697468
SP4,0.28618988950997115,0.3302061897346817,0.23212703453850375,0.26429403087996706,0.28668482849099486,0.224697330068738,0.2741819533057246,0.21866628386072837
STAT1,0.24698889161881005,0.29169675471742934,0.22977578735495924,0.2605561946394849,0.23544270627826397,0.25601277890063967,0.25303628421875135,0.19718053228615479
STAT3,0.27604309579109154,0.22403167004587543,0.2600926055355561,0.22425988165265634,0.3275114202999659,0.2839781466973854,0.26738178092307613,0.20551162484754248
STAT5A,0.25985426313324483,0.24926621163931792,0.25282457982094125,0.22680566380492767,0.2536421455937468,0.2975791550114635,0.25638501941755326,0.20169623870174264
TEAD1,0.2014587500139789,0.27842000932279215,0.25575134126364324,0.2818556564592411,0.2666884600337898,0.2445795321670153,0.24753445601643556,0.19584432179387942
TEAD4,0.2375729707296459,0.24672607893393603,0.27739294359885197,0.2817519101498481,0.250300681671715,0.21152058243359698,0.24895795788855213,0.19218498374979434
TEK,0.28065900368624325,0.26948935131277135,0.3096835241316768,0.24814081502149155,0.2732647933300421,0.3002071966213364,0.2784982674540828,0.21664820171251659
TERT,0.2534298007466319,0.2802774295800188,0.28154842698585525,0.24978939581104315,0.2518621394639239,0.266458646830239,0.2612462538820052,0.203467860753984
TERT2,0.22950827535492724,0.2745207588188469,0.2585163864195313,0.2719561648314655,0.24530850030907447,0.26848527374425446,0.2538851761224742,0.19540142466238744
TFF3,0.9441826750965319,0.8823176740685439,0.8444598046797076,1.0704410512750553,0.5413870524387849,1.441062061302339,0.9530258633375133,0.7929946623368931
TG,0.8301545513198464,0.6861277823379943,0.5773012018864138,0.18662724188324104,0.26233127679143203,0.44839545809557285,0.5350285908951166,0.6850069077158092
TGFBR1,0.28111650304330116,0.2465469056334474,0.33705919876185697,0.3001992178766296,0.29634200097847385,0.2887258671178724,0.28909445148333535,0.22298090353811023
TGFBR2,0.3172631138531276,0.29637891380630604,0.23470169371071448,0.26580275816139687,0.28106599990090825,0.30378850658641793,0.2892107255746582,0.22279103970143013
THADA,0.23837287631605825,0.2642022427735578,0.25661321287573674,0.2508844437524343,0.26419746141587475,0.2662580219122126,0.2538906132375647,0.1928987873663509
THRB,0.9106953457106782,1.2042961178338232,1.2652371876522266,0.8129048996780396,0.3422380016127776,0.5677705651650052,0.8400922695139912,0.8057365511248473
TIGIT,0.21061029689830496,0.23441930443465317,0.2867919926667263,0.30539879833227507,0.26250876125670564,0.3206703439075173,0.2613948696309859,0.2149368007525154
TINF2,0.2368941739122446,0.23686374642166733,0.2660591443025394,0.26063308486284315,0.24463012668295922,0.2583270384005239,0.24824565370369492,0.19692601798696832
TJP1,0.2874157894838965,0.24726914850393275,0.25969059339766953,0.24864528204203049,0.25989392500274405,0.3509847609968924,0.2769218330678609,0.22550405453041147
TOP2A,0.3924843548857375,0.2111732136028966,0.24116391306631763,0.5427875257958292,1.3762097050908024,0.2751890344145184,0.5095397542063047,0.6205638605641709
TP53,0.26128854632643916,0.2968509797398977,0.290006653941209,0.26083300242270907,0.27946141390362617,0.22666715666023204,0.26731063403331373,0.2144539956741832
TPO,0.8558538906644874,0.6207139093564984,0.6216797980180649,0.18184283667672857,0.2841760981666856,0.4733265508958114,0.5443725807024463,0.7203958756735156
TSHR,0.8437328679721517,0.7069866823054655,0.6175090323231496,0.17436895978960407,0.28333661784189507,0.4530949601877232,0.5481723503426162,0.7277260556017425
TTF1,0.27638741829874597,0.2513467876422265,0.2607964015187218,0.2676630026229891,0.24831192830461446,0.28233498808005036,0.26625988883990054,0.20477804469744526
TUBA1A,0.25781103218508516,0.26301137250443857,0.2898053046327374,0.2648948268664077,0.2429736934803055,0.26457535085533157,0.26194152635037005,0.20481985840334804
TUBA1B,0.25345632506948756,0.2998103711060552,0.30411292339890006,0.2869280227817533,0.3054185784464765,0.2797209001478816,0.2826880494789179,0.22197397131134988
TUBA1C,0.2478712864433774,0.28570738074514385,0.26309799070177087,0.2917865174787161,0.25578576277802634,0.2875828982581055,0.26886201848972874,0.20693273742031285
TUBB,0.22476454808260593,0.23274040931141446,0.2456861788846497,0.2701581456552872,0.2705483484845604,0.29811401612998983,0.2529447052280496,0.20419044123908917
TUBB2A,0.27681640017058196,0.26090512379406106,0.29433790082624894,0.2944460419139219,0.29185926482916996,0.2961103684713645,0.2844695409574223,0.22013421558522417
TUBB2B,0.2624141317015846,0.24981480901536476,0.2922629735908261,0.26171799754540853,0.24342040265432488,0.2819022093130272,0.2636695991317539,0.21132065387841825
TUBB3,0.2678119446146786,0.23428799800103758,0.22342738597782227,0.26404543748959086,0.26127026851222696,0.2727651689726731,0.2572849971941322,0.19641696281530416
TUBB4A,0.2677932933800894,0.2542082040838923,0.2116757319315211,0.30361920462647507,0.23433364197131804,0.2772699194300835,0.26184648289966667,0.21587880132419004
TUBB4B,0.2524305097479483,0.2621281219649608,0.2733230453221481,0.22133672555974362,0.2696937730846599,0.24042523961338408,0.2518865401904962,0.18741253903765456
TUBB6,0.2634717040390462,0.2679916151334151,0.2916704931074216,0.2525440058605273,0.23229404980115195,0.24628517710234596,0.2582611148635549,0.21621105176880165
TWIST1,0.3205305254936606,0.28253510982178226,0.2744683823989984,0.2192268394781933,0.26368184219649715,0.28730748768873393,0.27995189454949737,0.2228201516474771
VEGFA,0.27237177822387443,0.20646878879701916,0.3118371285433743,0.2614300684231357,0.2881334983673495,0.2601263521287841,0.26648729282534533,0.21528437995358543
VEGFB,0.2832255364398648,0.2662970129687026,0.22960113218953265,0.2448358250967938,0.2372202733112959,0.2728368258915275,0.26004634192974313,0.21183967407484072
VEGFC,0.2903383188309516,0.22893561408644664,0.2795315447894734,0.2862193442371336,0.2194896105476044,0.2815118029083751,0.2678729037581006,0.21456265378538608
VIM,0.4214753368845322,0.2708737019084815,0.295111803326252,0.48767527245460157,1.4327351547082845,0.25370380988493185,0.5287477998661897,0.6285281869834369
WNT11,0.267599135603996,0.3088697455229208,0.24669864049041648,0.2590923894248938,0.2558526152430587,0.32593151959594224,0.2758982092162257,0.217585557751639
WNT5A,0.27850498452350464,0.2780722166543045,0.27788615195387534,0.28455652082338045,0.2690126193636688,0.28410750142203456,0.2787126129759572,0.21266533027326698
WNT5B,0.24114812526395887,0.22183048022686302,0.2225882753620171,0.24424760479321106,0.2051170033270456,0.3030213419833818,0.24000824096746887,0.1758816941100133
WRAP53,0.2152902876582359,0.28026731729101995,0.2306944019398017,0.2525580032204992,0.2648434966965967,0.2805104716409816,0.24886671733291582,0.20388302937194133
WWTR1,0.2934540706360149,0.2600007344771163,0.256443445898471,0.2593663701861816,0.2959024721395487,0.25887478076730375,0.2745855810938541,0.2093851228525087
XRCC1,0.24524658895829862,0.26876289180307533,0.3005730892117248,0.2738850504166141,0.29000453957159505,0.23798282934628381,0.2652623726888691,0.20904676702523423
XRCC2,0.27164784878136394,0.1990223949880466,0.23103340546742607,0.25568736196723446,0.2824662460799843,0.26569740736227176,0.2552145436408038,0.1934573595753765
XRCC3,0.24989442911798085,0.2832835495211451,0.21802501130273838,0.26758287378050244,0.28797979707603066,0.2545866594942179,0.2604091311841042,0.1955477813852027
YAP1,0.2631283600774357,0.2761044812697386,0.2577104137682785,0.24787215602804732,0.27068400359544104,0.3332785112177159,0.2726833153962964,0.2317145746732313
ZEB1,0.341624030512773,0.19167995404225915,0.2749367284131469,0.5568619279621847,1.3613476056835918,0.19186205484588523,0.4842525743752857,0.6193375195778664
ZEB2,0.2687936112947477,0.2428482613775071,0.2528062475751557,0.2623921227853472,0.2749718115752459,0.1969465784608735,0.2533119391239809,0.1860333027374372
ZO1,0.23801740945069663,0.2800235637186029,0.2987719271584209,0.2670304887626795,0.22408801386662333,0.3192438731545793,0.2645909639187337,0.20841874346770664
